Name,Country,Email
Jared,Eritrea,gabriellehartman@benjamin.com
Marie,Botswana,kstafford@sexton.com
Elijah,Barbados,jeanettecross@brown.com
Sheryl,Antarctica (the territory South of 60 deg S),thomassierra@barrett.com
Jeremy,Micronesia,rubenwatkins@jacobs-wallace.info
Frank,Panama,gmurillo@perez.com
Rickey,United States of America,melissabenitez@le.info
Barry,American Samoa,brent60@lopez.com
Carl,Saint Vincent and the Grenadines,toddharris@lowery-rosario.biz
Pam,Tanzania,carolbanks@vang-stafford.com
Kayla,Central African Republic,cassidy83@irwin.com
Terrance,Falkland Islands (Malvinas),baxtercandice@coleman.com
Aaron,Sudan,arellanoselena@mclean.com
Eric,Faroe Islands,ernest05@cannon.info
Edwin,Bangladesh,lauriebishop@berry-simpson.org
Lindsay,Estonia,rhuff@kennedy.info
Victoria,Venezuela,ksimmons@morton.com
Eugene,Nauru,clairesloan@rivas.com
Sonya,Saint Kitts and Nevis,randallangelica@bass-curry.com
Norma,Ghana,kristinewatson@houston.com
Jamie,San Marino,wbrewer@hatfield-nichols.info
Gwendolyn,Yemen,kaylee45@rice.org
Fernando,Barbados,rvilla@farley-evans.com
Arthur,Azerbaijan,stephaniebutler@armstrong.com
Daisy,Libyan Arab Jamahiriya,oconnelldarrell@white-cooke.com
Derrick,Saint Helena,jmathews@lopez.com
Margaret,Swaziland,sophiaperkins@cervantes.org
Evelyn,Malaysia,whitneyphillips@fritz.org
Jackie,Zambia,jermaine57@mckay-garza.com
Derek,Korea,manningelaine@gilmore.com
Martha,Uzbekistan,parkpam@berry.com
Bonnie,Lao People's Democratic Republic,christine88@hogan.com
Tina,Mongolia,xvang@abbott.com
James,Saint Kitts and Nevis,brandychang@neal-adams.net
Claudia,Turks and Caicos Islands,kelli44@conley-dalton.com
Adam,Kenya,claytonortiz@curry.com
Kimberly,Tajikistan,creyes@meyer.com
Rebecca,Somalia,garrett37@moreno-harris.com
Teresa,Bahamas,roblesnorman@barber.biz
Julian,Samoa,bethashley@harding.com
Alfred,Bahamas,obriengloria@brady-cole.com
Melody,Senegal,rherrera@williamson.com
Courtney,Isle of Man,xzamora@foley-ellison.com
Bradley,Armenia,mduke@ortiz.com
Shelby,French Southern Territories,kennethfoley@knapp-heath.com
Alison,Taiwan,tmccarthy@gregory.com
Andre,Tokelau,barrleon@navarro.com
Jody,Slovenia,cheryl11@wade-arias.com
Lance,Bulgaria,uclayton@gaines.com
Sue,Korea,rivasmonique@salinas.com
Karen,Russian Federation,cole11@fowler.org
Nichole,Spain,ybishop@rios.com
Christopher,Burundi,valentinebruce@marsh.com
Stephanie,Antigua and Barbuda,keithmcgee@mullins.com
Jennifer,Niger,bankskirsten@andrade-roman.com
Jessica,Greece,gambleharry@haynes-armstrong.com
Carol,Timor-Leste,allen87@lam-harrington.org
Gordon,Romania,bill63@austin.com
Dylan,Ethiopia,mercedesholder@villanueva.com
Jesse,Western Sahara,agibbs@maddox.org
Terry,Senegal,acraig@daniels.info
Toni,Bolivia,colenichols@lowe-villarreal.info
Derek,Kazakhstan,buckcatherine@kelley.com
Heather,Panama,monica63@robbins-carney.info
Gloria,Nigeria,pattonbryan@dickson-bray.info
Charlene,Maldives,sheppardstuart@leonard.com
Keith,Morocco,helen09@curry.com
Lisa,Estonia,kristenbenitez@gray.net
Gail,India,lrhodes@lynch-fry.biz
Ronnie,French Guiana,malikdrake@wood-herring.com
Cristina,Italy,loretta89@pratt-brooks.com
Anthony,Heard Island and McDonald Islands,bennettivan@lawson-noble.com
April,Brunei Darussalam,krandolph@villegas.net
Molly,Philippines,westkimberly@alvarado.org
Dalton,Christmas Island,anthonywhitney@kidd.com
Gwendolyn,Israel,nicholssandy@ruiz.com
Jeffery,Gambia,costadarryl@reyes.com
Alicia,Tajikistan,normanvanessa@valencia.com
Henry,Netherlands,jboyd@shannon.com
Gail,United States Virgin Islands,cfields@mack-dawson.com
Rodney,Vietnam,mariecarpenter@potts-lee.net
Geoffrey,Yemen,bchan@larson-roberts.com
Lucas,Mauritania,kathrynduffy@bell.com
Andrea,Saint Helena,tasharussell@perkins.com
Logan,Oman,mackenziebenjamin@harper-hudson.com
Juan,Turkey,rmorrison@cross.net
Joan,Armenia,pconner@heath.com
Kaylee,Tokelau,dgreen@kim.biz
Sally,Guinea,hliu@pena-campbell.com
Beverly,Lao People's Democratic Republic,noah69@sullivan-flores.net
Denise,Mexico,kathrynscott@mcgrath-mosley.info
Ryan,Mexico,joshuabender@blackburn-gross.com
Isaac,Iraq,mikayla07@hunt.com
Caitlin,India,tonyalyons@baird-burton.net
Shawn,Bouvet Island (Bouvetoya),bartlettgene@coleman.biz
Mitchell,Germany,audrey64@lucas.com
Pamela,Sudan,gonzalesjason@dunn.com
Kristopher,Angola,aperkins@kirby-merritt.com
Cesar,Nauru,samuel18@stuart.org
Louis,Mozambique,thomaslacey@lucas.net
Meghan,Trinidad and Tobago,wwolf@mckee.com
Misty,Gibraltar,cameron02@carpenter-gonzales.info
Anne,Cook Islands,clayton36@vaughan.com
Terri,Tokelau,ubean@sparks-donovan.com
Gilbert,Namibia,loretta18@thornton-munoz.info
Abigail,Seychelles,nicolas46@gilmore.com
Sabrina,Mauritania,hhogan@ewing.com
Brett,Kazakhstan,scantu@duran.com
Maureen,Saint Kitts and Nevis,tapiajanet@miller.com
Madeline,Slovenia,gail47@love.com
Selena,Netherlands Antilles,qboyle@hall.com
Jackie,Cyprus,meaganrios@skinner.com
Makayla,Kenya,costanancy@porter.com
Carrie,Austria,omatthews@cooper.com
Brianna,Svalbard & Jan Mayen Islands,terrihodges@bass.org
Joseph,Iceland,aimeekey@waters-singleton.com
Isaac,Congo,rickyyates@abbott.com
Tristan,Iran,pamela83@mercer.com
Shelly,Netherlands,bchaney@flowers.com
April,Tajikistan,alejandroprice@marks.biz
Julia,Myanmar,janet28@simpson.com
Latoya,Vanuatu,avargas@dudley.biz
Adrienne,Puerto Rico,jeff78@wilson.com
Casey,Ukraine,jesuswoodard@briggs-dickson.net
Caitlin,Libyan Arab Jamahiriya,ashleyfranklin@bentley.net
Hayden,Liberia,destinylong@hodge-mccoy.biz
Roy,Liechtenstein,leonardmackenzie@moore.com
Latasha,Germany,jessica68@malone.com
Ariel,Italy,zdean@cooper-salinas.com
Jonathon,Sri Lanka,sandytrevino@sexton.org
Bradley,Guyana,rjefferson@herring.com
Lawrence,British Indian Ocean Territory (Chagos Archipelago),vargaspaula@shannon-duran.com
Evelyn,Fiji,carolinecole@moore.net
Hunter,Faroe Islands,fieldstracy@li-moody.biz
Dale,Senegal,summersgabriel@mays-chan.com
Carol,Saint Vincent and the Grenadines,fowlerstacie@hughes-brooks.com
Javier,Guinea,billysawyer@fowler.com
Patricia,British Virgin Islands,marcusmiddleton@parrish.com
Maxwell,Honduras,hectorsnyder@riggs.biz
Jody,Vietnam,traciwalls@fritz-case.com
Kirk,United States of America,ferrellclifford@page.com
Amber,Bouvet Island (Bouvetoya),clarencesavage@acevedo.com
Ralph,Kyrgyz Republic,adriana49@james.info
Peggy,Uganda,jerrypeters@mullins.com
Mary,Bhutan,shannonjacobson@mcfarland.info
Hayley,Malta,jacquelinebenson@barnes-quinn.com
Renee,Slovenia,sally25@dean.com
Erica,Egypt,dicksonjohnny@gould.com
Diane,Bosnia and Herzegovina,clintonroy@daniel-burnett.biz
Sergio,Guatemala,bushcrystal@holder-cox.net
Alice,Nauru,icolon@rocha-crosby.com
Carly,Pitcairn Islands,carly30@schmitt.com
Joyce,Wallis and Futuna,andrewsjoseph@gross.com
Kristen,Chile,kirsten71@oliver.com
Jason,Kazakhstan,angela20@glover.com
Colton,Papua New Guinea,lawrence40@bennett.org
Patty,Antigua and Barbuda,samantha06@colon.biz
Erika,Timor-Leste,devon49@howe.com
Marvin,San Marino,brendangriffith@roy.net
Donna,Spain,priscilla49@hines.com
Ralph,Greenland,tingram@rasmussen.biz
Jonathan,Kiribati,marthakelly@berger-key.com
Marcia,British Virgin Islands,garrett75@compton.com
Alexa,Croatia,bclay@higgins-delacruz.com
Eric,Thailand,summersrickey@orozco.com
Frederick,Syrian Arab Republic,gatesjamie@schneider-lyons.info
Ethan,Congo,ztorres@haley.com
Erik,Spain,darleneoconnell@cain-walker.net
Shelly,Gibraltar,ubrennan@kennedy.com
Dominique,Christmas Island,johnsheather@arias.com
Gregg,Kuwait,ubentley@ruiz.com
Howard,Honduras,dmolina@knight-barajas.biz
Antonio,Guinea,makayla99@tanner.info
Doris,Haiti,diamondfowler@garcia.info
Melvin,Afghanistan,vangcassandra@chen.biz
Clayton,Puerto Rico,farmerjeffery@ball.com
Joel,Philippines,hendricksglenda@farrell-larson.com
Joy,Micronesia,tammiegarza@pena.info
Kylie,Montenegro,jefffrank@villarreal-pace.biz
Sonia,Gambia,hweeks@franklin.org
Lynn,Tajikistan,marilyncoleman@mayer.com
Priscilla,Svalbard & Jan Mayen Islands,guy11@adkins-parrish.com
Howard,Norfolk Island,hirwin@hansen.biz
Bryce,Czech Republic,brocklogan@golden.biz
Richard,Uzbekistan,ralph56@lang.biz
Lee,India,mejiachristy@hickman.org
Kerry,Syrian Arab Republic,kruegerrachel@kirby.info
Casey,Singapore,gaineslindsey@jenkins.com
Tammy,Spain,clarence97@valenzuela-sparks.com
Brianna,Aruba,rickey85@keith-jefferson.net
Johnathan,Tonga,alvin28@esparza.com
James,Kiribati,uwebster@vazquez.com
Evelyn,Antigua and Barbuda,kerri75@chung.com
Perry,Heard Island and McDonald Islands,kathrynwelch@fuller.com
Monique,Yemen,sergio46@wilkerson.org
April,Vanuatu,makayla04@lindsey.net
Margaret,Northern Mariana Islands,bleonard@henderson.info
Deborah,United States Virgin Islands,shawcharles@pruitt-spencer.org
Steve,El Salvador,fryomar@heath.com
Diana,Mauritius,mcintoshkathleen@arias.com
Julia,Morocco,stephenbauer@barron.org
Don,Bouvet Island (Bouvetoya),salazarsheena@hogan.com
Mike,Switzerland,vtrevino@watson.com
Monica,Guinea,bryantivan@jacobson.info
Jeanette,Turkey,barryharper@atkins.com
Loretta,Cook Islands,madisonsandoval@rollins.com
Christy,Tuvalu,alexandrabuchanan@combs.com
Rachael,New Zealand,debbiewaller@hensley-bowen.com
Dalton,Poland,vernon86@reese.info
Becky,Saint Lucia,lmeza@ramsey.com
Carly,Philippines,spearstroy@owen.org
Alexander,Bolivia,barbara46@moon.com
Rachel,San Marino,williamsonjennifer@stevens-walker.com
Jimmy,Mozambique,solisdarren@braun-harper.net
Devin,Mauritania,donaldsonbill@conrad-krueger.org
Candace,Liberia,flowerswillie@evans.com
Emily,Myanmar,walterkim@stephens-vaughan.com
Don,Liberia,robert86@olson.org
Alex,Greece,mossgavin@kramer-forbes.info
Mandy,Sri Lanka,briana07@mcintosh.org
Laurie,Panama,derrick94@raymond.com
Jack,Jamaica,rhines@liu.biz
Nicholas,Saint Helena,gibsontodd@olsen.com
Stanley,Georgia,selena70@mccarty.com
Jo,Micronesia,gerald24@beasley.net
Sheila,Albania,wfranco@yates-hines.org
Krista,Suriname,tommunoz@farley.com
Loretta,Guam,reneemccormick@figueroa.com
Brandi,Tuvalu,nicholemacias@dorsey.info
Karl,Honduras,katherinewilkins@villegas.com
Darryl,Taiwan,hansenpaige@foster-carpenter.com
Casey,Congo,lisabriggs@gould.com
Amanda,United States of America,ohuff@lane-kemp.com
Kim,Andorra,bradley18@cline.net
Ross,Western Sahara,breannamarsh@beltran.com
Martha,Jersey,xburgess@west.org
Michael,Algeria,isabella33@obrien.info
Adam,Greece,mallorykline@ellison.com
Wendy,Georgia,johnslydia@sharp.org
Justin,Tajikistan,biancawinters@benitez.info
Cassidy,Marshall Islands,lauralara@leonard.net
Felicia,Guam,yvette55@yates-stein.com
Austin,Montserrat,thart@mcneil.biz
Samantha,Spain,larry26@walls.biz
Tyler,Moldova,ebowman@faulkner.com
Ralph,New Caledonia,max15@hicks-baird.com
Mason,Mexico,rhumphrey@mcgee.biz
Stephen,Panama,courtney81@sullivan.com
Jillian,Zimbabwe,hamptonalan@mosley-maddox.com
Cassandra,Vanuatu,lovetonya@bolton.org
Jessica,Heard Island and McDonald Islands,iangross@hobbs-roberts.org
Meredith,Svalbard & Jan Mayen Islands,birdjose@hanson.com
Logan,Guernsey,jeremiahowens@pace-george.com
Xavier,New Zealand,rogersstacey@richardson.org
Jonathon,Montenegro,chapmanmiguel@costa.com
Vickie,Falkland Islands (Malvinas),bianca35@glenn-bell.com
Candice,Lithuania,jesse98@arnold.biz
John,Iran,michaelahuff@frazier.com
Meghan,Burkina Faso,neilmay@wang.org
Jason,Chad,hdickson@dennis.com
Amy,Denmark,villarrealabigail@cobb.com
Alan,Barbados,shouse@romero.com
Lee,China,atkinsonalfred@mathis-reilly.com
Susan,Andorra,wyatthayden@wright-norton.com
Elaine,Kenya,victordeleon@duffy-hughes.info
Herbert,Holy See (Vatican City State),carmenhenderson@blanchard-carson.com
Suzanne,Macedonia,audrey02@fitzpatrick-medina.org
Jody,Jordan,lbaxter@bowers.org
Yolanda,Morocco,meghan31@estrada.com
Allen,Vietnam,makayla44@tanner.info
Mike,New Caledonia,tyrone01@giles.net
Andrea,Korea,huffdevon@young.org
Joanna,Congo,kristiekoch@mcclure.com
Jody,Sweden,jocelynbaldwin@morton.net
Javier,Iraq,becky34@shaw.com
Ana,Micronesia,ypatton@lam-valenzuela.com
Glenn,Dominican Republic,ivan84@hutchinson-carroll.net
Emily,Dominican Republic,villegaskevin@meza-orozco.com
Leroy,Argentina,derekboyer@moran.com
Sandra,Faroe Islands,julian24@tate-ramos.com
Henry,Gambia,jaredestrada@shannon-padilla.com
Kaitlin,Venezuela,paula17@benjamin-russo.info
Michelle,Turks and Caicos Islands,curtisbush@christian.net
Benjamin,Liechtenstein,sheajoel@duran.com
Darrell,United Kingdom,anitabrown@benitez.com
Zoe,Uruguay,ehughes@medina.com
Nina,Czech Republic,judithkennedy@allen-woodard.info
Marisa,Portugal,alfredlawrence@case.biz
Chelsea,Svalbard & Jan Mayen Islands,montesmikayla@huynh-davenport.info
Herbert,Finland,chadboyer@shepherd.com
Brandon,Eritrea,afuller@forbes-holloway.org
Allison,Antigua and Barbuda,timothycain@moody-shaffer.info
Suzanne,Korea,austinryan@dunlap-lawson.com
Dorothy,Sao Tome and Principe,jesuswinters@mejia.com
Rhonda,Guernsey,latashanelson@robles-barrett.com
Gwendolyn,British Indian Ocean Territory (Chagos Archipelago),keithblackwell@turner.info
Albert,Guinea-Bissau,nicholebonilla@harrell.com
Sarah,Somalia,jcompton@rocha.info
Erik,Sri Lanka,brendanvalenzuela@mccarty.biz
Jean,Costa Rica,owenstanley@stanton.com
Jermaine,Slovenia,hornrandall@wright.net
Alexa,Saudi Arabia,dmora@johnston-foster.com
Tanya,Lebanon,lmcneil@hahn-dennis.com
Andrea,Cape Verde,kathleenaguilar@mooney.net
Eugene,Greece,alishawilcox@wright-contreras.com
Carla,Algeria,qmarks@baxter.org
Anita,Congo,robertsonpreston@perry-jones.com
Bethany,Cuba,douglashodges@faulkner-rosales.com
Bernard,Portugal,ashley95@shaw-maddox.com
Cristina,Swaziland,justinrosario@daugherty-escobar.com
Samantha,Niue,lcarroll@singh.info
Margaret,Cote d'Ivoire,mcdonaldzoe@conley.biz
Justin,New Caledonia,zunigaregina@moss.org
Jasmin,Zimbabwe,eclayton@wyatt.com
Mallory,Dominican Republic,tom92@blake.biz
Nancy,Zambia,allisondiane@crane.com
Candace,Eritrea,randall53@woodard.biz
Miguel,Maldives,umurphy@fitzpatrick.com
Lonnie,Afghanistan,terrence90@dodson-hughes.com
Glenda,Lesotho,mitchellleonard@patterson.com
Chad,Ethiopia,mcneiljay@butler-parsons.com
Debra,Croatia,munozchloe@davila-wise.com
Dorothy,Ecuador,kbautista@shepard.biz
Regina,Swaziland,shane05@bolton.com
Betty,Congo,mezaamy@hamilton.com
Mckenzie,Bermuda,zmclean@rush.com
Carlos,Western Sahara,williamsfred@munoz.biz
Sonya,Djibouti,eball@hahn.com
Mallory,Cuba,leahwilliams@preston.com
Shirley,Senegal,dhinton@velez.com
Ronnie,Saint Vincent and the Grenadines,kgraham@cruz.net
Joe,Taiwan,greyes@mcneil.com
Alicia,Tokelau,hgray@kirk.com
Martin,Equatorial Guinea,hamptonrose@stevenson.com
Gabriella,Finland,karlmcneil@acevedo.com
Bryce,Cambodia,kentponce@cordova.com
Tasha,Nigeria,downsaustin@huffman.com
Faith,Macedonia,kpratt@ochoa.com
Joseph,Cameroon,vroy@adkins.com
Joann,Nauru,tbarton@ortiz.com
Kathy,Wallis and Futuna,heathjeff@stein.com
Jocelyn,Equatorial Guinea,tara53@hughes.com
Ricardo,Palestinian Territory,mackenziefigueroa@evans.com
Zoe,Slovenia,michaelashah@shannon-strickland.com
Renee,French Polynesia,ychapman@cordova-weber.org
Eduardo,Somalia,juliavang@carney.com
Tami,Maldives,calvarado@compton.com
Vernon,Colombia,hornejackson@gaines.com
Marcus,Botswana,fischerharold@reynolds-adams.net
Lydia,Uruguay,manuel43@wilkins-nichols.net
Daniel,Senegal,jake12@hays.com
Priscilla,Latvia,dli@rhodes.info
Crystal,Colombia,isaac79@roth.com
Cheyenne,Aruba,marcuschambers@mcdaniel.net
Michael,American Samoa,qburns@sutton.com
Terrance,Sudan,vickiewolfe@grimes.org
Brandy,Ukraine,tiffanyschwartz@hobbs-campos.com
Mitchell,Ecuador,jkeith@love.net
Timothy,Montserrat,emilyrosales@garcia-duncan.net
Herbert,Serbia,gwendolyn33@colon.com
Bruce,Benin,curtishardin@skinner.com
Dale,Barbados,wilkersonerik@simmons-myers.org
Kara,Mexico,hingram@joyce.com
Jaclyn,Djibouti,nclements@baird.biz
Zoe,Saint Vincent and the Grenadines,kennedyjasmin@adams.net
Julia,Holy See (Vatican City State),mariahingram@jackson.com
Selena,Puerto Rico,simonjocelyn@wilkinson-norman.com
Anthony,Saint Kitts and Nevis,oneillalicia@fisher.com
Jose,Eritrea,adriana55@hess-long.info
Eric,Malta,kerrethan@gregory.com
Dale,Austria,tmckee@serrano.biz
Tommy,Mexico,randallnguyen@vincent.com
Wesley,Mexico,caroline40@acosta.com
Cassie,Sao Tome and Principe,charlesbates@carrillo.com
Carolyn,Jersey,ernest73@garrett.biz
Shirley,Lao People's Democratic Republic,pinedaamber@dickerson.com
Jerry,Holy See (Vatican City State),rickeystephens@ramsey.net
Connor,New Zealand,alishaduke@lowe.com
Ross,Tunisia,dixonbobby@marsh.com
Blake,United States Virgin Islands,wgould@copeland.org
Ariel,Chad,castillosabrina@shaw.biz
Jade,Tonga,phyllis57@mcmillan-weeks.com
Guy,Azerbaijan,philipspence@gordon.net
Brendan,Saint Barthelemy,wagnerpriscilla@cherry.com
Erin,Cocos (Keeling) Islands,jritter@hendrix-navarro.com
Andrew,Equatorial Guinea,uparks@salas-dunn.com
Sharon,Saint Pierre and Miquelon,levinepatrick@huerta-cruz.com
Traci,Guinea,brett44@winters-mullen.com
Shirley,United States Virgin Islands,osbornealejandro@dudley-zavala.com
Raymond,Niger,makaylavalencia@riddle.com
Joel,Tuvalu,richard94@conley.com
Edwin,British Indian Ocean Territory (Chagos Archipelago),ubonilla@schwartz.com
Anna,Samoa,tdelacruz@lucas-lara.org
Dwayne,Ukraine,randykoch@kirby.biz
Colleen,Korea,christian58@morrison.net
Marilyn,Argentina,sandovalhunter@pineda.com
Chad,United States Minor Outlying Islands,spencersawyer@richardson.com
Mikayla,Togo,geoffrey43@peters.org
Tammie,Bhutan,berrypeter@haney-maxwell.com
Stuart,Cape Verde,nkrueger@carrillo.net
Natalie,Wallis and Futuna,uhorne@case-barber.info
Beth,South Georgia and the South Sandwich Islands,gina88@rojas-richards.com
Christopher,Norway,stacey56@campbell.com
Reginald,Sri Lanka,jakeberg@morton.com
Kerry,Spain,fitzgeraldkrystal@morgan.com
Carolyn,Central African Republic,gholder@weber.com
Brianna,Jamaica,lauriecummings@brady.biz
Crystal,Cook Islands,gpham@boyd.com
Gregory,Myanmar,mandy97@richards-craig.com
Frederick,United States of America,tracihutchinson@harris.net
Sherry,Costa Rica,russoshawn@horne.net
Andre,Aruba,ross44@holland.com
Alejandro,Brazil,mark21@ritter-barton.com
April,Thailand,brobertson@lozano.com
Grant,Mozambique,kirk40@thornton.biz
Dawn,Lithuania,janice50@holloway-cannon.org
Paul,Saint Martin,abigail97@lewis.biz
Austin,Tunisia,arellanodustin@english.net
Alyssa,Nauru,goodalexandria@haney.biz
Tina,Denmark,isabelsantiago@walters.com
Claire,Pitcairn Islands,paul72@irwin.info
Christine,Argentina,sandy63@floyd.com
Doris,Jordan,olsonricky@avery.com
Matthew,Serbia,whitneypatrick@williamson.com
Ricky,Sudan,dmcmillan@nicholson-preston.org
Billy,France,pgillespie@johns.com
Ethan,Timor-Leste,bethadams@henry.biz
Hannah,Guam,greg37@winters-miller.com
Adam,Guadeloupe,hannalindsey@jensen-newton.biz
Andrea,Uganda,morriscarmen@fuller-logan.com
Belinda,Chad,sawyerdiana@chase.com
Stanley,Czech Republic,xpeters@mcguire.info
Bill,Sweden,ahanson@matthews-moreno.com
Sydney,Guam,william74@powers.com
Michaela,Rwanda,payneebony@russo-calderon.com
Jim,Kenya,thill@dominguez.com
Dakota,Guernsey,duranwhitney@erickson.net
Hailey,Mexico,lucassilva@boyle.com
Tara,Saint Barthelemy,alfred88@foster.biz
Denise,Palau,cory40@adams-warren.com
Spencer,Bahamas,cortega@wise.org
Sydney,Madagascar,iibarra@fisher.com
Hayley,Albania,acostaspencer@cooke-crosby.com
Arthur,Jamaica,erika16@wheeler.info
Xavier,Spain,gbaldwin@weber-wilkinson.com
Bill,Guatemala,chanraymond@roy.org
Mario,Montenegro,gaygilbert@phelps.org
Cassidy,Palestinian Territory,jsoto@werner-davies.com
Leroy,Cook Islands,judy04@abbott.info
Joann,Saint Helena,jennifer91@goodman.com
Shelby,Kiribati,aacevedo@orozco.org
Whitney,Mali,knightjill@barrett-dominguez.net
Jerome,Germany,debbie31@dougherty-mata.com
Sheila,Nepal,lynn76@paul.com
Isabella,Lebanon,yvettekennedy@herman.com
Caitlin,Sudan,jonlevy@robles.com
Erika,Monaco,erinmata@richmond.com
Cynthia,Cyprus,uvelez@warner-lamb.com
Megan,United States of America,cheryl30@huang-cochran.org
Brady,Dominican Republic,hoffmanautumn@thomas.com
Brianna,Hong Kong,kgreene@brock.com
Logan,Martinique,montoyabarbara@fuller.com
Rose,Marshall Islands,wjohnson@melton.com
Laura,Sweden,tommy34@chavez-reed.biz
Audrey,Maldives,robertsrebekah@vasquez.com
Annette,Mozambique,jaclyn06@benitez-burns.com
Colin,Saint Helena,livingstontim@henderson.com
Amy,Kenya,kspencer@lozano.com
Walter,Hungary,leonpierce@fleming.com
Caitlin,Macao,lutzstanley@hanna.net
Alec,Fiji,xpalmer@oneill.com
Tanner,Kenya,lgregory@matthews.net
Kim,Denmark,wmontgomery@fuentes.com
Jay,Palestinian Territory,franklinholloway@choi-landry.com
Jimmy,Norfolk Island,deckerjerome@merritt.org
Selena,Vanuatu,jeanette79@welch-ramirez.com
Seth,Mauritius,bradfordvirginia@walker.com
Jon,Croatia,shellyshelton@richardson.org
Breanna,Albania,jesus84@horne.com
Jerry,Venezuela,bchaney@serrano-atkins.com
George,Bouvet Island (Bouvetoya),stricklandthomas@warren.com
Michele,Korea,bfarmer@adams.com
Raven,Isle of Man,cynthia29@duffy-nash.com
Oscar,Egypt,walter85@ramos.net
Roberta,Kyrgyz Republic,eduardolang@harris.biz
Lawrence,Italy,stanleyflynn@mcconnell-barber.com
Natasha,Andorra,mccoygeoffrey@reese.info
Taylor,Wallis and Futuna,okane@reed-heath.com
Bernard,Austria,oscar07@sharp.com
Jacqueline,Panama,ellenwarren@bowman.info
Robert,Qatar,khicks@bass.net
Kristin,Qatar,ograves@prince.org
Yvette,Reunion,doylejoe@valdez-hebert.biz
Helen,Antarctica (the territory South of 60 deg S),kelli37@meyer.com
Kristopher,Turks and Caicos Islands,shahkerri@berger.com
Misty,Russian Federation,danielle40@gonzalez.info
Sandra,Brunei Darussalam,tracie97@guerra.com
Courtney,Peru,betty84@li.biz
Billy,Cameroon,salinaseddie@hall.com
Kiara,Tajikistan,kristi06@allison.com
Mathew,United Kingdom,bradleydeborah@fernandez-blanchard.com
Jimmy,France,tarahernandez@donaldson.net
Catherine,Gabon,lbryan@rich.info
Marisa,Hungary,ktaylor@madden.com
Gordon,Macedonia,goodmankimberly@keller-potter.com
Tim,Sudan,eparrish@dixon.com
Jill,Cote d'Ivoire,archereric@dunn-vincent.org
Vickie,Guinea,rsantana@moran-humphrey.net
Priscilla,Reunion,ihaynes@mccullough.net
Brooke,Austria,angie60@sawyer.biz
Samuel,Lao People's Democratic Republic,vhayden@cruz.com
Bianca,Belarus,sharonwang@morse.com
April,Congo,beth69@reynolds-hamilton.info
Rose,Solomon Islands,eric73@white-porter.com
Noah,Tonga,vvalenzuela@english.com
Blake,Anguilla,reginaellison@york.org
Francis,Belgium,boothchristopher@daugherty.com
Darin,Jamaica,gmckenzie@shepard.com
Rickey,Svalbard & Jan Mayen Islands,lutzbenjamin@craig-barrett.net
Angie,Jersey,villegasbrad@campos.com
Brianna,Niue,zsimpson@rocha-norton.com
Aaron,United States of America,haleyangela@terrell.info
Michele,Nepal,karlafowler@williamson.net
Steve,Ukraine,michael10@dudley.com
Kelly,Greece,collinvega@bruce-walker.com
Tom,Antarctica (the territory South of 60 deg S),underwoodbrady@delacruz-norris.com
Kevin,Costa Rica,heatherbridges@riley.net
Kellie,Cape Verde,lwolfe@vincent.com
Matthew,Netherlands Antilles,farroyo@sanford-doyle.org
Hannah,Saint Kitts and Nevis,gdavies@crane.net
Christy,Guatemala,juan76@wiley.com
Melvin,Montenegro,kirk73@cooke.com
Miranda,Bermuda,gmurray@castillo.com
Shelly,Liechtenstein,rebeccakerr@coffey.com
Chelsea,France,mhart@small-griffin.com
Fernando,Fiji,esampson@jordan-bennett.com
Charlene,Malaysia,kevin91@harrison-keller.biz
Brent,Chile,lorettabenitez@pugh.net
Sergio,Benin,colindrake@welch-shaffer.org
Johnathan,Israel,levinebrett@crane.com
Larry,Bulgaria,schultzjustin@ponce-poole.com
Phillip,Azerbaijan,kcastro@long-harvey.com
Yesenia,Angola,brentvillegas@joseph-velez.com
Sarah,Estonia,gregory57@ross.com
Patricia,Palestinian Territory,qsalinas@estrada.com
Dwayne,Poland,josemeadows@matthews.net
Brooke,Philippines,carlsonkaitlyn@meyers.com
Jerry,Bolivia,bayala@mahoney.com
Katie,Bulgaria,jacquelinemedina@acevedo-shelton.net
Candice,Cook Islands,wendyabbott@rivera-savage.com
Victor,Tajikistan,charlenehernandez@rodriguez.info
Adrienne,Brunei Darussalam,terrence80@kaufman.biz
Isabel,Burkina Faso,hhaynes@whitehead-baird.com
Holly,Christmas Island,dudleykarla@hickman.net
Glenn,Barbados,adkinschristina@robbins.biz
Belinda,Benin,sarahlandry@hansen.com
Derek,Saint Vincent and the Grenadines,iyang@yates-richardson.org
Joy,Ireland,acostabernard@deleon.com
Danny,Norway,portega@valenzuela.com
Julie,Anguilla,alexhoover@charles.com
Zachary,Serbia,pooledominique@hubbard.com
Christian,Israel,llopez@mooney.info
Kaitlyn,Puerto Rico,charleslawrence@moreno.com
Lindsey,Mauritania,krista42@larson.org
Cheyenne,Bulgaria,erica29@sawyer.com
Mason,Seychelles,upatterson@lowery.com
Spencer,New Zealand,ashlee97@coffey.com
Hunter,Lebanon,sydneyjefferson@clayton.org
Laura,Suriname,jaimejohns@beltran.net
Cameron,Greece,lacey63@livingston.com
Duane,Bahamas,heather61@everett-franklin.org
Bradley,Sweden,hannah01@marshall-mcdaniel.biz
Edgar,Iran,omerritt@eaton.com
Steven,Saint Barthelemy,whitneyfoster@byrd.com
Chad,Croatia,derekparsons@miller.com
Johnny,Morocco,crystal06@dillon-curry.com
Megan,Netherlands,eatonsherry@cummings.com
Kurt,Tanzania,billygarrison@ford.com
Tonya,Israel,tristanmccormick@benjamin.biz
Christie,Macedonia,jillianmathis@singh-reid.com
Gerald,Namibia,sparker@valentine.biz
Francisco,Brunei Darussalam,bmerritt@horton-savage.org
Eddie,Congo,huangjoann@brock-conner.com
Francisco,Antarctica (the territory South of 60 deg S),englishamy@weber.com
Rachael,Cayman Islands,mirandaerik@vargas-huffman.org
Tanya,British Indian Ocean Territory (Chagos Archipelago),austin32@anderson.org
Nathan,Mayotte,jbates@porter-jacobson.biz
Kiara,Netherlands,alice61@boyd.com
Max,Syrian Arab Republic,triciahorton@shah-wiley.com
Damon,Andorra,edward12@hickman-wu.com
Deanna,Poland,walter57@perez-andrade.com
Tamara,New Caledonia,leahwolfe@lloyd-cantu.info
Duane,Turkey,davilalori@baker-soto.biz
Janice,Zambia,glen09@stanton.com
Alex,Martinique,barrettjerry@cortez.com
Christopher,Martinique,qwebb@gay.com
Jose,Denmark,xnewton@dixon-luna.com
Theresa,Czech Republic,cassidyadams@fox.info
Gordon,United Kingdom,malonedan@clay-rowe.net
Jason,Micronesia,cynthiafields@perry-summers.biz
Cassie,Bouvet Island (Bouvetoya),tyrone27@valdez.com
Carol,Peru,angiefranklin@hodges.com
Joel,Senegal,howelljeanette@lewis-porter.org
Marco,Togo,crosbymalik@chandler.org
Pedro,Niue,emoreno@weeks-fisher.com
Lisa,Costa Rica,carolcharles@short-blackburn.info
Michaela,Georgia,stevenli@barry-peterson.org
Clinton,Grenada,mezamallory@cantu.com
Tommy,Switzerland,leonardnunez@daniels-beltran.org
Stacy,Syrian Arab Republic,torreschristine@cooke.com
Ricardo,Haiti,garygolden@marks-griffith.com
Sabrina,Aruba,bradyberger@james-french.com
Sonia,Uzbekistan,lance61@collins-larsen.com
Jordan,Indonesia,maykathryn@griffin.com
Kristina,Yemen,maxdominguez@briggs.com
Alyssa,Tokelau,carolosborn@gibbs.net
Latasha,Macedonia,gsharp@bentley.com
Lindsay,Antarctica (the territory South of 60 deg S),moorerachel@griffith.com
Maurice,Togo,dominiquedrake@ellis.com
Adam,Kuwait,warellano@donaldson-grant.net
Lacey,Tajikistan,goodmangabriela@richard.net
Jenny,Estonia,poncejeanette@patrick.com
Angie,Micronesia,kirstenmendoza@brown-herrera.com
Kristen,Lebanon,jesus28@mcclure.com
Dana,Syrian Arab Republic,phambrittany@lutz.com
Elizabeth,Hungary,rdalton@mann.info
Tracy,Guinea,tpoole@lee.com
Sergio,Austria,odomrebecca@hensley-werner.net
April,Dominica,hayley90@proctor-lloyd.net
Virginia,Svalbard & Jan Mayen Islands,tonypope@ortiz.info
Angie,Sudan,ichristian@cameron.com
Cassandra,British Indian Ocean Territory (Chagos Archipelago),marco40@jenkins.net
Cassie,Isle of Man,shawnacantrell@heath.com
Anna,Iraq,terrance58@bauer.net
Kelli,Algeria,jermainemccarthy@barron.net
Kylie,Venezuela,farmstrong@levine.org
Rachael,Saint Barthelemy,darrenfranco@molina-barron.com
Breanna,Bahrain,xmora@mack-parker.com
Dylan,Belize,yoderdenise@gibbs-mayo.com
Dominique,Bahrain,lawrence49@beard.info
Joyce,Tanzania,calvindalton@dudley-krueger.biz
Carly,Pitcairn Islands,codyjennings@larsen-humphrey.biz
Claire,Norfolk Island,andrea69@flynn.com
Kellie,Micronesia,phuffman@cohen.com
Alvin,Benin,patrick44@forbes.info
Kelli,Gabon,zfischer@mayo-stevens.com
Jodi,Gambia,jefferybeard@khan.org
Kendra,Israel,adavies@calderon-young.biz
Angel,Cayman Islands,pterry@fuller.info
Jamie,Pakistan,carrollfrances@keith.com
Joann,Bermuda,aliciabarajas@cohen.com
Monica,Costa Rica,antonio00@ritter-frey.com
Harold,Zambia,bookerariel@pena.com
Henry,Seychelles,cli@boyle.com
Cody,Canada,sheila76@collins.org
Danny,Indonesia,theodore25@woods.com
Sheila,Nicaragua,cookenatasha@khan-cooke.com
Holly,New Caledonia,autumnfloyd@petersen.com
Sherry,Slovenia,tammie90@underwood-estrada.biz
Tristan,Togo,derrickpratt@lowery.info
Helen,Netherlands Antilles,moondustin@levy.info
Madeline,Eritrea,adkinsbrittney@christensen.com
Mary,Saint Lucia,adriana28@pace.com
Anna,Saint Kitts and Nevis,alice63@schultz.com
Breanna,Armenia,ana20@galloway.com
Nicolas,Namibia,kaitlinwillis@higgins.info
Melissa,French Guiana,brightwyatt@george.com
Monique,Comoros,yvillarreal@randall-medina.com
Mitchell,Burundi,elizabethallison@mclaughlin-larsen.com
Candace,Yemen,trujillokaitlin@rubio-wood.com
Ariel,Samoa,josemcmahon@stone.biz
Tricia,Congo,frances32@madden-miranda.biz
Taylor,Nicaragua,clementstravis@reed.com
Shelley,Mozambique,qnixon@hendricks-villarreal.com
Samuel,Antigua and Barbuda,eblevins@barton.net
Melissa,French Guiana,jorge23@kline.com
Andres,Netherlands,kristenbrooks@cain.com
Cristian,Faroe Islands,glendarodriguez@chang-beck.info
Lance,Puerto Rico,pedro49@preston.org
Ariana,Ukraine,bryanbarajas@werner.net
Chad,Barbados,hardingfranklin@whitehead.biz
Roberto,Sierra Leone,myersannette@carney.org
Casey,Tonga,solisdaniel@tate-warren.biz
Jamie,United States of America,osbornrichard@holloway.com
Cassidy,Iraq,ihaynes@wu-livingston.biz
Tracey,Turkey,pattysmall@sosa.com
Carol,Estonia,tonypacheco@pearson.com
Brooke,Seychelles,tcooper@cervantes-bailey.com
Stacy,Zimbabwe,amybryan@charles.com
Christy,Australia,sherridelacruz@wright.com
Alexis,Mayotte,fdalton@burch-meyers.com
Dennis,Rwanda,cody63@carroll.net
Johnathan,Yemen,denniswiley@dillon.info
Amy,Switzerland,sherry99@cross.com
Albert,Palau,jenniferross@valenzuela.com
Mason,Senegal,dianashort@mcbride.com
Kiara,Mali,mosleytanya@juarez.com
Manuel,Iceland,sherrypeterson@castillo.com
Katie,Serbia,nbraun@cardenas.com
Harold,Samoa,moralesmonica@schmitt.net
Betty,Luxembourg,sharoncarney@hobbs.com
Alexandria,Australia,clarkchristie@chandler-whitney.com
Alexandria,Bouvet Island (Bouvetoya),francostefanie@osborne.net
Darren,Chile,ybray@wells.com
Jordan,Trinidad and Tobago,andres18@bass-cross.com
Tyrone,Czech Republic,anthonymontgomery@cobb.com
Tasha,Aruba,ewilkinson@arroyo-howell.net
Ellen,Antarctica (the territory South of 60 deg S),dylan10@davenport.com
Jade,Turkmenistan,medinavincent@dickerson-krause.com
Brandy,Honduras,mark62@lamb-pierce.net
Carla,Cameroon,vaughnjulie@jones.com
Alyssa,Christmas Island,mariavega@carney.com
Caitlin,Lao People's Democratic Republic,simonamanda@schwartz.com
Gerald,Dominican Republic,hharrell@randall-kim.org
Sheryl,China,chris94@cisneros.com
Gene,French Guiana,soniawatson@cabrera.info
Christie,Namibia,yolandawalter@hayden.com
Mindy,Benin,isabellamccall@stone.net
Jorge,Saint Barthelemy,adriennemelton@underwood.org
Don,Uganda,tammywalker@santiago.com
Sean,Namibia,freyleroy@stout-miles.biz
Brady,Sao Tome and Principe,brian76@tate.com
Shannon,Bosnia and Herzegovina,brich@atkinson.com
Denise,France,stanleyvaughan@olson.com
Blake,Lesotho,gkrause@roy-pacheco.info
Damon,Pitcairn Islands,amanda88@burke.net
Jackson,Russian Federation,mathewbarron@gamble.com
Kimberly,Togo,ucross@waters.info
Gary,Serbia,candicezavala@fowler-watson.com
Krystal,Rwanda,juandelacruz@maynard.com
Jerry,Saint Vincent and the Grenadines,destinychaney@gillespie-haas.com
Alfred,Uruguay,ulindsey@blake-rose.com
Jack,Northern Mariana Islands,randycastaneda@owen.com
Sophia,Monaco,marksdiane@jones.com
Eduardo,French Guiana,kararichardson@ford.com
Zachary,Reunion,trevor55@cochran.com
Dale,French Polynesia,kbraun@carr.biz
Melanie,Algeria,gburke@hickman.com
Molly,Austria,emaynard@frye.com
Breanna,Saint Vincent and the Grenadines,abigail68@morse-morse.com
Alexandria,Slovenia,philiplutz@newton.com
Alexander,Svalbard & Jan Mayen Islands,gavinfrank@miranda.com
Arthur,Lesotho,kglass@schroeder-mcintosh.com
Roger,Angola,savannah10@tucker.net
Troy,Azerbaijan,dunnangela@moore.com
Peter,Tokelau,bob81@love.net
Tara,Lebanon,xward@parsons-morrow.com
Thomas,Tunisia,cshaw@vazquez.biz
Melanie,Nigeria,mikaylachavez@fry.com
Mallory,Western Sahara,jeremy35@greene.net
Nathan,Saint Kitts and Nevis,freddouglas@mathews.com
Drew,Malaysia,tapiawyatt@perry-ellison.com
Austin,Uzbekistan,jwalters@galvan-leach.com
Amanda,Sweden,jody39@stevens-coffey.com
Angela,Korea,wilkinsontracie@brewer-roth.com
Steve,Dominican Republic,clifford54@cantrell-rivas.com
Walter,Syrian Arab Republic,breannaconrad@esparza.com
Debbie,Marshall Islands,connietownsend@doyle.info
Adrian,Ethiopia,lindsaytran@russell.info
Lorraine,Kenya,karinagould@ingram.net
David,Pitcairn Islands,godom@spears.net
Isabella,Papua New Guinea,jeremypacheco@ruiz.com
Walter,Zimbabwe,qnunez@camacho.com
Kristine,Iraq,mcclureariel@mccullough-evans.com
Sara,Bahrain,kristinramos@norton.biz
Aaron,Myanmar,gamblemarisa@figueroa.com
Antonio,Malawi,welchgeoffrey@murillo.com
Erik,Tokelau,oosborn@chan.info
Bridget,Guadeloupe,murilloalexandra@wolf.biz
Jack,Cameroon,eatkins@clay.com
Judy,Macedonia,akim@bryan.com
Kristen,Chile,gcummings@gregory-conrad.com
Walter,Palestinian Territory,woodwardmonica@macdonald.com
Angel,French Southern Territories,ritaenglish@moses-duncan.net
Miranda,El Salvador,englishernest@alvarado.org
Ethan,Austria,ray65@melton.com
Juan,Nauru,janet25@trujillo-gaines.net
Katelyn,Australia,wrobles@george-navarro.com
Gavin,Jersey,ewu@freeman.com
Joyce,Myanmar,dorseycolton@humphrey.com
Abigail,China,bridgetcase@espinoza-burns.info
Jesus,Syrian Arab Republic,blevinsmelinda@hopkins.com
Shelia,Central African Republic,staffordchase@sweeney-craig.com
Hannah,Mauritania,huertasavannah@downs-mckay.com
Sharon,San Marino,whanson@kim-haynes.com
Suzanne,Micronesia,lisa01@phillips.com
Carly,Zambia,dean60@chandler-tate.com
Tricia,Grenada,upetersen@rivas.com
Kimberly,Christmas Island,tranhelen@fischer.net
Alvin,Malta,morganmarshall@castillo-rivas.com
Tyler,Indonesia,dennisthompson@horn-rasmussen.info
Ethan,Cook Islands,levichandler@zuniga-farrell.com
Dominique,Equatorial Guinea,walshtom@vance.com
Marilyn,Fiji,roblesbernard@howe-estrada.com
Madison,Monaco,raymondmayer@rangel.com
Debbie,Bouvet Island (Bouvetoya),sallyhughes@jimenez.net
Andre,Uzbekistan,nicholsonbruce@sutton.com
Vanessa,Montenegro,dorseycameron@whitney.net
Latasha,Rwanda,mrich@hendricks-farmer.net
Eileen,Turks and Caicos Islands,mcontreras@mueller-powell.com
Rachael,Burundi,hayleymayer@todd.com
Sabrina,French Polynesia,ytapia@morrison.net
Elijah,Mongolia,brendan11@whitehead.info
Lance,Maldives,dgamble@mcmillan.info
Kristopher,Holy See (Vatican City State),jeffery37@west-graham.com
Isaiah,Estonia,jodi56@rhodes-bell.com
Dennis,Moldova,jeanbean@tate-allen.com
Victor,Egypt,jmckenzie@stein.com
Ariana,Bolivia,ylopez@saunders.biz
Trevor,Heard Island and McDonald Islands,anne72@weber.com
Heidi,Sierra Leone,douglasbruce@miles.biz
Francisco,Jordan,brycesheppard@osborne.biz
Carl,Cayman Islands,charles23@lam.info
Margaret,British Indian Ocean Territory (Chagos Archipelago),griffinemma@montoya.com
Yesenia,Somalia,bradshawlawrence@burch.com
Tonya,Taiwan,lawrencefarmer@lindsey-hughes.biz
Glenda,Iceland,adrienne13@lawson.com
Phyllis,Ukraine,uandersen@willis-wilson.com
Carly,French Southern Territories,suehaynes@noble.com
Kenneth,South Africa,hensleysharon@gill-daugherty.com
Jill,Cuba,casekaitlin@case-best.biz
Clarence,Slovenia,mathewstristan@roman.com
Scott,Moldova,stricklandtony@nixon-cooper.com
Alvin,Timor-Leste,brandyvalencia@french.net
Tamara,Nicaragua,jackiemontoya@scott.com
Clarence,Palestinian Territory,meadowsjerome@carrillo.com
Marvin,Liberia,jillian62@colon-cobb.com
Shelby,Anguilla,andersenjohnny@mcintyre.com
Shaun,Ukraine,merritttamara@english.com
Thomas,Lao People's Democratic Republic,haleyamy@fuentes.net
Janet,Andorra,edwin01@berry.net
Paul,Montenegro,terriellis@lyons.biz
Caitlyn,Swaziland,vhammond@baxter-ho.biz
Marilyn,Cote d'Ivoire,jcastro@shields-reed.com
Adrienne,Saint Helena,nielsenvirginia@bray.org
Jeanette,Azerbaijan,alejandra97@miles.com
Steve,New Zealand,sally19@stein.com
Kelsey,Macedonia,mary34@wall.org
Angie,Bolivia,hcole@roth.com
Seth,Falkland Islands (Malvinas),janet07@ferguson.biz
Bruce,Taiwan,ibauer@dunlap.biz
Wayne,Bahrain,reneehuerta@west.com
Sierra,Benin,phillipsimon@casey-shields.biz
Abigail,Ghana,priscilla81@dennis.biz
Madeline,Dominican Republic,phubbard@hood.com
Travis,Mexico,bethanysherman@vaughn.com
Tami,Hong Kong,hollymorse@wu.com
Casey,Turks and Caicos Islands,marissa90@carson.biz
Andre,Dominica,todd84@bass.net
Michele,Andorra,haynesbreanna@shepard-holland.com
Darrell,Kiribati,lwilkerson@salazar.info
Juan,French Guiana,fmunoz@cook.com
Jordan,Tonga,jacqueline93@adkins-parrish.info
Katrina,Zambia,henryblack@jacobson-webb.net
Jasmin,Gabon,mallory65@wolf-cantu.com
Shirley,Malta,briggscarlos@duran.com
Robyn,Saint Barthelemy,allen66@morrow.info
Caitlin,Pakistan,mmccullough@maddox-vaughan.net
Erika,Montserrat,gpark@george-ramsey.com
Sandra,Nicaragua,schwartzashley@alvarez-rowe.com
Shelly,Ghana,marcoavila@whitney.com
Lucas,South Georgia and the South Sandwich Islands,varcher@graves-ward.info
Steven,Turkmenistan,mccallcaleb@ramsey.com
Lorraine,Serbia,ocastillo@pearson.com
Zoe,Martinique,derrick97@woodward-moreno.com
Kathleen,Botswana,hunterbruce@newman.com
Lance,Gibraltar,wmosley@hendricks-hayes.com
Grace,Venezuela,zanderson@kline.com
Leah,Azerbaijan,courtney88@fitzpatrick.com
Jeanne,Nepal,melvin07@douglas.net
Corey,Qatar,kirk73@wade-foley.com
Jean,China,pbrock@valencia.com
Gina,Burkina Faso,ibautista@phillips.info
Elizabeth,Sierra Leone,shortbobby@rice.com
Jeanne,Mozambique,kiara25@buckley.com
Seth,Bahrain,gary75@bentley.com
Jose,Sierra Leone,fred16@benjamin-holden.com
Joan,Dominican Republic,ricekristy@hamilton-cannon.info
Crystal,Russian Federation,cristian09@pruitt.net
Dennis,United States Minor Outlying Islands,pcallahan@gould.com
Carrie,Brunei Darussalam,terriglenn@patton.com
Tami,Israel,tanyaprince@hurst-steele.com
Gabriel,New Caledonia,nbernard@campbell.com
Alexis,Reunion,soniaflowers@ray.com
Trevor,Uganda,donwebster@buchanan.com
Charlotte,Bangladesh,isaiah17@irwin.com
Hannah,Puerto Rico,phardin@jarvis-rojas.com
Harold,United Kingdom,wcrane@mullen.net
Jody,Yemen,khanbob@martinez.com
Ana,Vanuatu,timpatrick@hicks.info
Hannah,Cape Verde,ubarajas@barber-watkins.com
Eileen,Colombia,wrightashlee@oneal-ponce.info
Herbert,Germany,debra03@cross-reeves.com
Lucas,Nepal,bryan97@ramos.info
Adrienne,Vietnam,adrianbarajas@daniels-cordova.biz
Regina,Ghana,johnnyfields@tanner.com
Roberta,Guernsey,arielgentry@solomon.com
Sherri,Cook Islands,alexanderhoward@hood.com
Yvette,South Africa,rachelyork@merritt.com
Kerry,Bouvet Island (Bouvetoya),ududley@snyder.com
Barry,Korea,tcobb@lambert.com
Eduardo,Isle of Man,msweeney@whitney.com
Charles,Iceland,katrinagaines@villegas.org
Benjamin,Germany,rivaschristina@bishop.com
Edwin,Mali,owenscandace@boone.org
Jeremy,Turkey,omarrandolph@cooper.net
Marco,France,steelechelsey@cooper-miranda.info
Jake,Zambia,jcochran@kelly.com
Phillip,Martinique,ryork@roberson.com
Gloria,Nauru,stacie71@hooper-franklin.com
Eddie,Anguilla,kristinclarke@conner.com
Kristina,Poland,mbridges@mcpherson.org
Jay,Antarctica (the territory South of 60 deg S),zavalaariel@lynn.com
Jake,Pitcairn Islands,kimberly53@mccormick.com
Kathryn,Haiti,kerryjoyce@schmidt-aguilar.info
Devon,Antarctica (the territory South of 60 deg S),vzamora@neal.com
Shawn,Portugal,larashane@christensen.com
Jaclyn,Haiti,obrady@cohen.com
George,Guadeloupe,kristinvelazquez@conley.com
Norman,Dominica,kingtara@mathews.org
Ronald,Timor-Leste,ian26@joseph.com
Aimee,Wallis and Futuna,sydney27@wise-andrews.com
Brendan,Niger,ethangutierrez@nichols.com
Meagan,Botswana,jeanneho@mathews-goodwin.com
Kevin,Tajikistan,sonya58@chen-reynolds.info
Evan,Syrian Arab Republic,neil30@medina.com
Michael,United Kingdom,monica69@pennington.com
Ricardo,Slovakia (Slovak Republic),yandrews@figueroa-martinez.com
Dean,Iceland,casejeremiah@arnold.org
Mario,Philippines,doughertymathew@bradford.com
Robin,Korea,rasmussentracy@myers.com
Lorraine,Nicaragua,garnerstacy@sutton.com
Cory,Belize,omacias@gay.com
Mitchell,Sudan,lindsey39@morrison-benson.org
Gordon,Bahamas,unolan@carlson-haley.com
Sylvia,Albania,obyrd@noble-fleming.net
Gregory,Bangladesh,espence@barron.com
Preston,Vietnam,pvasquez@gentry.net
Bradley,Guyana,stricklandrita@kerr-finley.com
Melvin,Czech Republic,diane53@page-osborne.biz
Nicholas,Haiti,masonmurillo@baird.org
Gail,Thailand,bradleypitts@buchanan.biz
Troy,Georgia,riversshelby@west-greene.com
Grace,Cape Verde,kdickson@davenport.com
Gary,Saint Martin,kaitlyn56@waller-huerta.biz
Bernard,American Samoa,ray17@gamble.com
Darin,Grenada,casey56@guzman.com
Isabel,Gabon,brittney35@sloan-bauer.com
Tanya,Christmas Island,obranch@leblanc.biz
Isaac,Ecuador,kempraymond@daniels-montoya.biz
Belinda,Guam,jennifer01@gross.info
Debbie,Chad,beanralph@rogers.com
Ronald,Mauritius,mortontom@hobbs-mora.com
Ross,Cocos (Keeling) Islands,yglenn@kaiser.com
Dawn,Somalia,karagibson@schmitt.com
Ashlee,Kuwait,acevedoallison@zavala-mendez.com
Bianca,Western Sahara,christensenlacey@lester-pollard.com
Micheal,Niger,saundersdenise@schroeder.com
Eric,Iran,rubenlang@bender.org
Jacqueline,Philippines,oeverett@weber.info
Catherine,Tokelau,priscillahicks@mcintosh-king.org
Ricardo,Bhutan,carpenterrenee@russo.com
Ronnie,Latvia,jennymoore@nichols.com
Debbie,Malaysia,curryveronica@mooney-sparks.com
Taylor,Kazakhstan,spencejohn@sparks.com
Tristan,Benin,bodom@wolf.com
Nathaniel,Mexico,dillon01@terry.com
Jeanne,Macao,paigemontoya@miller-charles.com
Allison,Saint Lucia,jocelyn95@randall-stephens.com
Mark,Moldova,jean12@washington.com
Jodi,Ecuador,tvelasquez@kline.org
Isabella,Paraguay,angelicabates@bowman-williamson.com
Martin,South Georgia and the South Sandwich Islands,walter22@baxter-joyce.biz
Edward,Canada,bartlettcameron@kent.com
Alec,Antarctica (the territory South of 60 deg S),harry40@mullins.info
Monique,Seychelles,ilambert@maynard.com
Brooke,Papua New Guinea,haroldchapman@mendez-myers.org
Dalton,Uruguay,kristikent@mcclain.net
Shelly,Namibia,darrenberger@barrett.org
Andres,Suriname,evelynrodriguez@castaneda-booker.com
Jason,United Arab Emirates,peterdavidson@harmon.com
Curtis,Saint Kitts and Nevis,riggskerri@lucas-kirby.com
Levi,Martinique,sterry@bender-skinner.com
Yolanda,Iraq,weisstroy@chaney.com
Sergio,Indonesia,donald60@combs.com
Latoya,Kyrgyz Republic,mquinn@landry-valencia.org
Thomas,Grenada,frank07@carlson.com
Morgan,Moldova,xwatkins@carlson-pennington.com
Wanda,Guinea,bettyvillarreal@sims.com
Ann,Andorra,mary78@barr.com
Rodney,Greenland,kimberly77@macias.com
Sonya,Oman,fhodges@mccall-avery.com
Henry,Nigeria,scopeland@arnold.com
Joy,British Indian Ocean Territory (Chagos Archipelago),qbradford@hill-knapp.net
Jason,Italy,erika69@hancock-kane.biz
Douglas,Australia,marilynpearson@knox.info
Isaiah,Lesotho,ernest23@rivas.com
Annette,Pitcairn Islands,stephen55@guzman.com
Drew,Cambodia,pcosta@morgan-luna.com
